{
  "ground_truth": {
    "snr": 2.363318754099756,
    "contrast": 0.6780391931533813,
    "sharpness": 0.018356649205088615,
    "vessel_visibility": 0.005636624060571194,
    "uniformity": 0.10198354721069336
  },
  "biomedbert_256": {
    "snr": 4.03790748971907,
    "contrast": 0.6901960968971252,
    "sharpness": 0.06209719181060791,
    "vessel_visibility": 0.02088487148284912,
    "uniformity": 0.036030713468790054
  },
  "fundus_320": {
    "snr": 2.736511064214335,
    "contrast": 0.8065359592437744,
    "sharpness": 0.114613376557827,
    "vessel_visibility": 0.029672367498278618,
    "uniformity": 0.058834876865148544
  }
}